division,count
시스템 엔지니어,514
소프트웨어 개발자,438
보안 엔지니어,338
네트워크 엔지니어,320
백엔드 개발자,306
하드웨어 개발자,298
클라우드 엔지니어,222
앱 개발자,217
머신러닝 엔지니어,156
데이터 사이언티스트,146
게임 개발자,136
데이터 엔지니어,131
QA,122
프론트엔드 개발자,121
소프트웨어 엔지니어,110
AI/ML 엔지니어,108
DBA,76
웹 퍼블리셔,64
파이썬 개발자,49
서버 개발자,44
C,41
C++ 개발자,41
웹 개발자,32
DevOps / 시스템 관리자,27
음성 엔지니어,24
영상,24
Node.js 개발자,21
자바 개발자,20
시스템,18
네트워크 관리자,18
빅데이터 엔지니어,17
테스트 엔지니어,14
임베디드 개발자,14
기술지원,11
iOS 개발자,10
블록체인 개발자,9
안드로이드 개발자,8
프로덕트 매니저,8
블록체인 플랫폼 엔지니어,7
하드웨어 엔지니어,7
.NET 개발자,5
그래픽스 엔지니어,5
크로스플랫폼 앱 개발자,3
개발 매니저,3
로봇·자동화,3
VR 엔지니어,1
테크니컬 라이터,1
CTO,1
연구원,1
Chief Technology Officer,1
ERP전문가,1
CIO,1
Chief Information Officer,1
